NroLugar,NroCarruagem,TipoLugar,Comboio
"1","1","J","5"
"1","1","J","8"
"1","1","J","12"
"1","1","J","15"
"1","1","J","17"
"1","1","J","22"
"1","1","J","25"
"1","1","J","36"
"1","1","J","39"
"1","1","J","48"
"2","1","C","5"
"2","1","C","8"
"2","1","C","12"
"2","1","C","15"
"2","1","C","17"
"2","1","C","22"
"2","1","C","25"
"2","1","C","36"
"2","1","C","39"
"2","1","C","48"
"3","1","J","5"
"3","1","J","8"
"3","1","J","12"
"3","1","J","15"
"3","1","J","17"
"3","1","J","22"
"3","1","J","25"
"3","1","J","36"
"3","1","J","39"
"3","1","J","48"
"4","1","C","5"
"4","1","C","8"
"4","1","C","12"
"4","1","C","15"
"4","1","C","17"
"4","1","C","22"
"4","1","C","25"
"4","1","C","36"
"4","1","C","39"
"4","1","C","48"
"5","1","J","5"
"5","1","J","8"
"5","1","J","12"
"5","1","J","15"
"5","1","J","17"
"5","1","J","22"
"5","1","J","25"
"5","1","J","36"
"5","1","J","39"
"5","1","J","48"
"6","1","C","5"
"6","1","C","8"
"6","1","C","12"
"6","1","C","15"
"6","1","C","17"
"6","1","C","22"
"6","1","C","25"
"6","1","C","36"
"6","1","C","39"
"6","1","C","48"
"7","1","J","5"
"7","1","J","8"
"7","1","J","12"
"7","1","J","15"
"7","1","J","17"
"7","1","J","22"
"7","1","J","25"
"7","1","J","36"
"7","1","J","39"
"7","1","J","48"
"8","1","C","5"
"8","1","C","8"
"8","1","C","12"
"8","1","C","15"
"8","1","C","17"
"8","1","C","22"
"8","1","C","25"
"8","1","C","36"
"8","1","C","39"
"8","1","C","48"
"9","1","J","5"
"9","1","J","8"
"9","1","J","12"
"9","1","J","15"
"9","1","J","17"
"9","1","J","22"
"9","1","J","25"
"9","1","J","36"
"9","1","J","39"
"9","1","J","48"
"10","1","C","5"
"10","1","C","8"
"10","1","C","12"
"10","1","C","15"
"10","1","C","17"
"10","1","C","22"
"10","1","C","25"
"10","1","C","36"
"10","1","C","39"
"10","1","C","48"
"11","1","J","5"
"11","1","J","8"
"11","1","J","12"
"11","1","J","15"
"11","1","J","17"
"11","1","J","22"
"11","1","J","25"
"11","1","J","36"
"11","1","J","39"
"11","1","J","48"
"12","1","C","5"
"12","1","C","8"
"12","1","C","12"
"12","1","C","15"
"12","1","C","17"
"12","1","C","22"
"12","1","C","25"
"12","1","C","36"
"12","1","C","39"
"12","1","C","48"
"13","1","J","5"
"13","1","J","8"
"13","1","J","12"
"13","1","J","15"
"13","1","J","17"
"13","1","J","22"
"13","1","J","25"
"13","1","J","36"
"13","1","J","39"
"13","1","J","48"
"14","1","C","5"
"14","1","C","8"
"14","1","C","12"
"14","1","C","15"
"14","1","C","17"
"14","1","C","22"
"14","1","C","25"
"14","1","C","36"
"14","1","C","39"
"14","1","C","48"
"15","1","J","5"
"15","1","J","8"
"15","1","J","12"
"15","1","J","15"
"15","1","J","17"
"15","1","J","22"
"15","1","J","25"
"15","1","J","36"
"15","1","J","39"
"15","1","J","48"
"16","1","C","5"
"16","1","C","8"
"16","1","C","12"
"16","1","C","15"
"16","1","C","17"
"16","1","C","22"
"16","1","C","25"
"16","1","C","36"
"16","1","C","39"
"16","1","C","48"
"17","1","J","5"
"17","1","J","8"
"17","1","J","12"
"17","1","J","15"
"17","1","J","17"
"17","1","J","22"
"17","1","J","25"
"17","1","J","36"
"17","1","J","39"
"17","1","J","48"
"18","1","C","5"
"18","1","C","8"
"18","1","C","12"
"18","1","C","15"
"18","1","C","17"
"18","1","C","22"
"18","1","C","25"
"18","1","C","36"
"18","1","C","39"
"18","1","C","48"
"19","1","J","5"
"19","1","J","8"
"19","1","J","12"
"19","1","J","15"
"19","1","J","17"
"19","1","J","22"
"19","1","J","25"
"19","1","J","36"
"19","1","J","39"
"19","1","J","48"
"20","1","C","5"
"20","1","C","8"
"20","1","C","12"
"20","1","C","15"
"20","1","C","17"
"20","1","C","22"
"20","1","C","25"
"20","1","C","36"
"20","1","C","39"
"20","1","C","48"
"21","1","J","5"
"21","1","J","8"
"21","1","J","12"
"21","1","J","15"
"21","1","J","17"
"21","1","J","22"
"21","1","J","25"
"21","1","J","36"
"21","1","J","39"
"21","1","J","48"
"22","1","C","5"
"22","1","C","8"
"22","1","C","12"
"22","1","C","15"
"22","1","C","17"
"22","1","C","22"
"22","1","C","25"
"22","1","C","36"
"22","1","C","39"
"22","1","C","48"
"23","1","J","5"
"23","1","J","8"
"23","1","J","12"
"23","1","J","15"
"23","1","J","17"
"23","1","J","22"
"23","1","J","25"
"23","1","J","36"
"23","1","J","39"
"23","1","J","48"
"24","1","C","5"
"24","1","C","8"
"24","1","C","12"
"24","1","C","15"
"24","1","C","17"
"24","1","C","22"
"24","1","C","25"
"24","1","C","36"
"24","1","C","39"
"24","1","C","48"
"25","1","J","5"
"25","1","J","8"
"25","1","J","12"
"25","1","J","15"
"25","1","J","17"
"25","1","J","22"
"25","1","J","25"
"25","1","J","36"
"25","1","J","39"
"25","1","J","48"
"26","1","C","5"
"26","1","C","8"
"26","1","C","12"
"26","1","C","15"
"26","1","C","17"
"26","1","C","22"
"26","1","C","25"
"26","1","C","36"
"26","1","C","39"
"26","1","C","48"
"27","1","J","5"
"27","1","J","8"
"27","1","J","12"
"27","1","J","15"
"27","1","J","17"
"27","1","J","22"
"27","1","J","25"
"27","1","J","36"
"27","1","J","39"
"27","1","J","48"
"28","1","C","5"
"28","1","C","8"
"28","1","C","12"
"28","1","C","15"
"28","1","C","17"
"28","1","C","22"
"28","1","C","25"
"28","1","C","36"
"28","1","C","39"
"28","1","C","48"
"29","1","J","5"
"29","1","J","8"
"29","1","J","12"
"29","1","J","15"
"29","1","J","17"
"29","1","J","22"
"29","1","J","25"
"29","1","J","36"
"29","1","J","39"
"29","1","J","48"
"30","1","C","5"
"30","1","C","8"
"30","1","C","12"
"30","1","C","15"
"30","1","C","17"
"30","1","C","22"
"30","1","C","25"
"30","1","C","36"
"30","1","C","39"
"30","1","C","48"
"31","1","J","5"
"31","1","J","8"
"31","1","J","12"
"31","1","J","15"
"31","1","J","17"
"31","1","J","22"
"31","1","J","25"
"31","1","J","36"
"31","1","J","39"
"31","1","J","48"
"32","1","C","5"
"32","1","C","8"
"32","1","C","12"
"32","1","C","15"
"32","1","C","17"
"32","1","C","22"
"32","1","C","25"
"32","1","C","36"
"32","1","C","39"
"32","1","C","48"
"33","1","J","5"
"33","1","J","8"
"33","1","J","12"
"33","1","J","15"
"33","1","J","17"
"33","1","J","22"
"33","1","J","25"
"33","1","J","36"
"33","1","J","39"
"33","1","J","48"
"34","1","C","5"
"34","1","C","8"
"34","1","C","12"
"34","1","C","15"
"34","1","C","17"
"34","1","C","22"
"34","1","C","25"
"34","1","C","36"
"34","1","C","39"
"34","1","C","48"
"35","1","J","5"
"35","1","J","8"
"35","1","J","12"
"35","1","J","15"
"35","1","J","17"
"35","1","J","22"
"35","1","J","25"
"35","1","J","36"
"35","1","J","39"
"35","1","J","48"
"36","1","C","5"
"36","1","C","8"
"36","1","C","12"
"36","1","C","15"
"36","1","C","17"
"36","1","C","22"
"36","1","C","25"
"36","1","C","36"
"36","1","C","39"
"36","1","C","48"
"37","1","J","5"
"37","1","J","8"
"37","1","J","12"
"37","1","J","15"
"37","1","J","17"
"37","1","J","22"
"37","1","J","25"
"37","1","J","36"
"37","1","J","39"
"37","1","J","48"
"38","1","C","5"
"38","1","C","8"
"38","1","C","12"
"38","1","C","15"
"38","1","C","17"
"38","1","C","22"
"38","1","C","25"
"38","1","C","36"
"38","1","C","39"
"38","1","C","48"
"39","1","J","5"
"39","1","J","8"
"39","1","J","12"
"39","1","J","15"
"39","1","J","17"
"39","1","J","22"
"39","1","J","25"
"39","1","J","36"
"39","1","J","39"
"39","1","J","48"
"40","1","C","5"
"40","1","C","8"
"40","1","C","12"
"40","1","C","15"
"40","1","C","17"
"40","1","C","22"
"40","1","C","25"
"40","1","C","36"
"40","1","C","39"
"40","1","C","48"
"41","1","J","5"
"41","1","J","8"
"41","1","J","12"
"41","1","J","15"
"41","1","J","17"
"41","1","J","22"
"41","1","J","25"
"41","1","J","36"
"41","1","J","39"
"41","1","J","48"
"42","1","C","5"
"42","1","C","8"
"42","1","C","12"
"42","1","C","15"
"42","1","C","17"
"42","1","C","22"
"42","1","C","25"
"42","1","C","36"
"42","1","C","39"
"42","1","C","48"
"43","1","J","5"
"43","1","J","8"
"43","1","J","12"
"43","1","J","15"
"43","1","J","17"
"43","1","J","22"
"43","1","J","25"
"43","1","J","36"
"43","1","J","39"
"43","1","J","48"
"44","1","C","5"
"44","1","C","8"
"44","1","C","12"
"44","1","C","15"
"44","1","C","17"
"44","1","C","22"
"44","1","C","25"
"44","1","C","36"
"44","1","C","39"
"44","1","C","48"
"45","1","J","5"
"45","1","J","8"
"45","1","J","12"
"45","1","J","15"
"45","1","J","17"
"45","1","J","22"
"45","1","J","25"
"45","1","J","36"
"45","1","J","39"
"45","1","J","48"
"46","1","C","5"
"46","1","C","8"
"46","1","C","12"
"46","1","C","15"
"46","1","C","17"
"46","1","C","22"
"46","1","C","25"
"46","1","C","36"
"46","1","C","39"
"46","1","C","48"
"47","1","J","5"
"47","1","J","8"
"47","1","J","12"
"47","1","J","15"
"47","1","J","17"
"47","1","J","22"
"47","1","J","25"
"47","1","J","36"
"47","1","J","39"
"47","1","J","48"
"48","1","C","5"
"48","1","C","8"
"48","1","C","12"
"48","1","C","15"
"48","1","C","17"
"48","1","C","22"
"48","1","C","25"
"48","1","C","36"
"48","1","C","39"
"48","1","C","48"
"49","1","J","5"
"49","1","J","8"
"49","1","J","12"
"49","1","J","15"
"49","1","J","17"
"49","1","J","22"
"49","1","J","25"
"49","1","J","36"
"49","1","J","39"
"49","1","J","48"
"50","1","C","5"
"50","1","C","8"
"50","1","C","12"
"50","1","C","15"
"50","1","C","17"
"50","1","C","22"
"50","1","C","25"
"50","1","C","36"
"50","1","C","39"
"50","1","C","48"
"51","2","J","5"
"51","2","J","8"
"51","2","J","12"
"51","2","J","15"
"51","2","J","17"
"51","2","J","22"
"51","2","J","25"
"51","2","J","36"
"51","2","J","39"
"51","2","J","48"
"52","2","C","5"
"52","2","C","8"
"52","2","C","12"
"52","2","C","15"
"52","2","C","17"
"52","2","C","22"
"52","2","C","25"
"52","2","C","36"
"52","2","C","39"
"52","2","C","48"
"53","2","J","5"
"53","2","J","8"
"53","2","J","12"
"53","2","J","15"
"53","2","J","17"
"53","2","J","22"
"53","2","J","25"
"53","2","J","36"
"53","2","J","39"
"53","2","J","48"
"54","2","C","5"
"54","2","C","8"
"54","2","C","12"
"54","2","C","15"
"54","2","C","17"
"54","2","C","22"
"54","2","C","25"
"54","2","C","36"
"54","2","C","39"
"54","2","C","48"
"55","2","J","5"
"55","2","J","8"
"55","2","J","12"
"55","2","J","15"
"55","2","J","17"
"55","2","J","22"
"55","2","J","25"
"55","2","J","36"
"55","2","J","39"
"55","2","J","48"
"56","2","C","5"
"56","2","C","8"
"56","2","C","12"
"56","2","C","15"
"56","2","C","17"
"56","2","C","22"
"56","2","C","25"
"56","2","C","36"
"56","2","C","39"
"56","2","C","48"
"57","2","J","5"
"57","2","J","8"
"57","2","J","12"
"57","2","J","15"
"57","2","J","17"
"57","2","J","22"
"57","2","J","25"
"57","2","J","36"
"57","2","J","39"
"57","2","J","48"
"58","2","C","5"
"58","2","C","8"
"58","2","C","12"
"58","2","C","15"
"58","2","C","17"
"58","2","C","22"
"58","2","C","25"
"58","2","C","36"
"58","2","C","39"
"58","2","C","48"
"59","2","J","5"
"59","2","J","8"
"59","2","J","12"
"59","2","J","15"
"59","2","J","17"
"59","2","J","22"
"59","2","J","25"
"59","2","J","36"
"59","2","J","39"
"59","2","J","48"
"60","2","C","5"
"60","2","C","8"
"60","2","C","12"
"60","2","C","15"
"60","2","C","17"
"60","2","C","22"
"60","2","C","25"
"60","2","C","36"
"60","2","C","39"
"60","2","C","48"
"61","2","J","5"
"61","2","J","8"
"61","2","J","12"
"61","2","J","15"
"61","2","J","17"
"61","2","J","22"
"61","2","J","25"
"61","2","J","36"
"61","2","J","39"
"61","2","J","48"
"62","2","C","5"
"62","2","C","8"
"62","2","C","12"
"62","2","C","15"
"62","2","C","17"
"62","2","C","22"
"62","2","C","25"
"62","2","C","36"
"62","2","C","39"
"62","2","C","48"
"63","2","J","5"
"63","2","J","8"
"63","2","J","12"
"63","2","J","15"
"63","2","J","17"
"63","2","J","22"
"63","2","J","25"
"63","2","J","36"
"63","2","J","39"
"63","2","J","48"
"64","2","C","5"
"64","2","C","8"
"64","2","C","12"
"64","2","C","15"
"64","2","C","17"
"64","2","C","22"
"64","2","C","25"
"64","2","C","36"
"64","2","C","39"
"64","2","C","48"
"65","2","J","5"
"65","2","J","8"
"65","2","J","12"
"65","2","J","15"
"65","2","J","17"
"65","2","J","22"
"65","2","J","25"
"65","2","J","36"
"65","2","J","39"
"65","2","J","48"
"66","2","C","5"
"66","2","C","8"
"66","2","C","12"
"66","2","C","15"
"66","2","C","17"
"66","2","C","22"
"66","2","C","25"
"66","2","C","36"
"66","2","C","39"
"66","2","C","48"
"67","2","J","5"
"67","2","J","8"
"67","2","J","12"
"67","2","J","15"
"67","2","J","17"
"67","2","J","22"
"67","2","J","25"
"67","2","J","36"
"67","2","J","39"
"67","2","J","48"
"68","2","C","5"
"68","2","C","8"
"68","2","C","12"
"68","2","C","15"
"68","2","C","17"
"68","2","C","22"
"68","2","C","25"
"68","2","C","36"
"68","2","C","39"
"68","2","C","48"
"69","2","J","5"
"69","2","J","8"
"69","2","J","12"
"69","2","J","15"
"69","2","J","17"
"69","2","J","22"
"69","2","J","25"
"69","2","J","36"
"69","2","J","39"
"69","2","J","48"
"70","2","C","5"
"70","2","C","8"
"70","2","C","12"
"70","2","C","15"
"70","2","C","17"
"70","2","C","22"
"70","2","C","25"
"70","2","C","36"
"70","2","C","39"
"70","2","C","48"
"71","2","J","5"
"71","2","J","8"
"71","2","J","12"
"71","2","J","15"
"71","2","J","17"
"71","2","J","22"
"71","2","J","25"
"71","2","J","36"
"71","2","J","39"
"71","2","J","48"
"72","2","C","5"
"72","2","C","8"
"72","2","C","12"
"72","2","C","15"
"72","2","C","17"
"72","2","C","22"
"72","2","C","25"
"72","2","C","36"
"72","2","C","39"
"72","2","C","48"
"73","2","J","5"
"73","2","J","8"
"73","2","J","12"
"73","2","J","15"
"73","2","J","17"
"73","2","J","22"
"73","2","J","25"
"73","2","J","36"
"73","2","J","39"
"73","2","J","48"
"74","2","C","5"
"74","2","C","8"
"74","2","C","12"
"74","2","C","15"
"74","2","C","17"
"74","2","C","22"
"74","2","C","25"
"74","2","C","36"
"74","2","C","39"
"74","2","C","48"
"75","2","J","5"
"75","2","J","8"
"75","2","J","12"
"75","2","J","15"
"75","2","J","17"
"75","2","J","22"
"75","2","J","25"
"75","2","J","36"
"75","2","J","39"
"75","2","J","48"
"76","2","C","5"
"76","2","C","8"
"76","2","C","12"
"76","2","C","15"
"76","2","C","17"
"76","2","C","22"
"76","2","C","25"
"76","2","C","36"
"76","2","C","39"
"76","2","C","48"
"77","2","J","5"
"77","2","J","8"
"77","2","J","12"
"77","2","J","15"
"77","2","J","17"
"77","2","J","22"
"77","2","J","25"
"77","2","J","36"
"77","2","J","39"
"77","2","J","48"
"78","2","C","5"
"78","2","C","8"
"78","2","C","12"
"78","2","C","15"
"78","2","C","17"
"78","2","C","22"
"78","2","C","25"
"78","2","C","36"
"78","2","C","39"
"78","2","C","48"
"79","2","J","5"
"79","2","J","8"
"79","2","J","12"
"79","2","J","15"
"79","2","J","17"
"79","2","J","22"
"79","2","J","25"
"79","2","J","36"
"79","2","J","39"
"79","2","J","48"
"80","2","C","5"
"80","2","C","8"
"80","2","C","12"
"80","2","C","15"
"80","2","C","17"
"80","2","C","22"
"80","2","C","25"
"80","2","C","36"
"80","2","C","39"
"80","2","C","48"
"81","2","J","5"
"81","2","J","8"
"81","2","J","12"
"81","2","J","15"
"81","2","J","17"
"81","2","J","22"
"81","2","J","25"
"81","2","J","36"
"81","2","J","39"
"81","2","J","48"
"82","2","C","5"
"82","2","C","8"
"82","2","C","12"
"82","2","C","15"
"82","2","C","17"
"82","2","C","22"
"82","2","C","25"
"82","2","C","36"
"82","2","C","39"
"82","2","C","48"
"83","2","J","5"
"83","2","J","8"
"83","2","J","12"
"83","2","J","15"
"83","2","J","17"
"83","2","J","22"
"83","2","J","25"
"83","2","J","36"
"83","2","J","39"
"83","2","J","48"
"84","2","C","5"
"84","2","C","8"
"84","2","C","12"
"84","2","C","15"
"84","2","C","17"
"84","2","C","22"
"84","2","C","25"
"84","2","C","36"
"84","2","C","39"
"84","2","C","48"
"85","2","J","5"
"85","2","J","8"
"85","2","J","12"
"85","2","J","15"
"85","2","J","17"
"85","2","J","22"
"85","2","J","25"
"85","2","J","36"
"85","2","J","39"
"85","2","J","48"
"86","2","C","5"
"86","2","C","8"
"86","2","C","12"
"86","2","C","15"
"86","2","C","17"
"86","2","C","22"
"86","2","C","25"
"86","2","C","36"
"86","2","C","39"
"86","2","C","48"
"87","2","J","5"
"87","2","J","8"
"87","2","J","12"
"87","2","J","15"
"87","2","J","17"
"87","2","J","22"
"87","2","J","25"
"87","2","J","36"
"87","2","J","39"
"87","2","J","48"
"88","2","C","5"
"88","2","C","8"
"88","2","C","12"
"88","2","C","15"
"88","2","C","17"
"88","2","C","22"
"88","2","C","25"
"88","2","C","36"
"88","2","C","39"
"88","2","C","48"
"89","2","J","5"
"89","2","J","8"
"89","2","J","12"
"89","2","J","15"
"89","2","J","17"
"89","2","J","22"
"89","2","J","25"
"89","2","J","36"
"89","2","J","39"
"89","2","J","48"
"90","2","C","5"
"90","2","C","8"
"90","2","C","12"
"90","2","C","15"
"90","2","C","17"
"90","2","C","22"
"90","2","C","25"
"90","2","C","36"
"90","2","C","39"
"90","2","C","48"
"91","2","J","5"
"91","2","J","8"
"91","2","J","12"
"91","2","J","15"
"91","2","J","17"
"91","2","J","22"
"91","2","J","25"
"91","2","J","36"
"91","2","J","39"
"91","2","J","48"
"92","2","C","5"
"92","2","C","8"
"92","2","C","12"
"92","2","C","15"
"92","2","C","17"
"92","2","C","22"
"92","2","C","25"
"92","2","C","36"
"92","2","C","39"
"92","2","C","48"
"93","2","J","5"
"93","2","J","8"
"93","2","J","12"
"93","2","J","15"
"93","2","J","17"
"93","2","J","22"
"93","2","J","25"
"93","2","J","36"
"93","2","J","39"
"93","2","J","48"
"94","2","C","5"
"94","2","C","8"
"94","2","C","12"
"94","2","C","15"
"94","2","C","17"
"94","2","C","22"
"94","2","C","25"
"94","2","C","36"
"94","2","C","39"
"94","2","C","48"
"95","2","J","5"
"95","2","J","8"
"95","2","J","12"
"95","2","J","15"
"95","2","J","17"
"95","2","J","22"
"95","2","J","25"
"95","2","J","36"
"95","2","J","39"
"95","2","J","48"
"96","2","C","5"
"96","2","C","8"
"96","2","C","12"
"96","2","C","15"
"96","2","C","17"
"96","2","C","22"
"96","2","C","25"
"96","2","C","36"
"96","2","C","39"
"96","2","C","48"
"97","2","J","5"
"97","2","J","8"
"97","2","J","12"
"97","2","J","15"
"97","2","J","17"
"97","2","J","22"
"97","2","J","25"
"97","2","J","36"
"97","2","J","39"
"97","2","J","48"
"98","2","C","5"
"98","2","C","8"
"98","2","C","12"
"98","2","C","15"
"98","2","C","17"
"98","2","C","22"
"98","2","C","25"
"98","2","C","36"
"98","2","C","39"
"98","2","C","48"
"99","2","J","5"
"99","2","J","8"
"99","2","J","12"
"99","2","J","15"
"99","2","J","17"
"99","2","J","22"
"99","2","J","25"
"99","2","J","36"
"99","2","J","39"
"99","2","J","48"
"100","2","C","5"
"100","2","C","8"
"100","2","C","12"
"100","2","C","15"
"100","2","C","17"
"100","2","C","22"
"100","2","C","25"
"100","2","C","36"
"100","2","C","39"
"100","2","C","48"
"101","3","J","5"
"101","3","J","8"
"101","3","J","12"
"101","3","J","15"
"101","3","J","17"
"101","3","J","22"
"101","3","J","25"
"101","3","J","36"
"101","3","J","39"
"101","3","J","48"
"102","3","C","5"
"102","3","C","8"
"102","3","C","12"
"102","3","C","15"
"102","3","C","17"
"102","3","C","22"
"102","3","C","25"
"102","3","C","36"
"102","3","C","39"
"102","3","C","48"
"103","3","J","5"
"103","3","J","8"
"103","3","J","12"
"103","3","J","15"
"103","3","J","17"
"103","3","J","22"
"103","3","J","25"
"103","3","J","36"
"103","3","J","39"
"103","3","J","48"
"104","3","C","5"
"104","3","C","8"
"104","3","C","12"
"104","3","C","15"
"104","3","C","17"
"104","3","C","22"
"104","3","C","25"
"104","3","C","36"
"104","3","C","39"
"104","3","C","48"
"105","3","J","5"
"105","3","J","8"
"105","3","J","12"
"105","3","J","15"
"105","3","J","17"
"105","3","J","22"
"105","3","J","25"
"105","3","J","36"
"105","3","J","39"
"105","3","J","48"
"106","3","C","5"
"106","3","C","8"
"106","3","C","12"
"106","3","C","15"
"106","3","C","17"
"106","3","C","22"
"106","3","C","25"
"106","3","C","36"
"106","3","C","39"
"106","3","C","48"
"107","3","J","5"
"107","3","J","8"
"107","3","J","12"
"107","3","J","15"
"107","3","J","17"
"107","3","J","22"
"107","3","J","25"
"107","3","J","36"
"107","3","J","39"
"107","3","J","48"
"108","3","C","5"
"108","3","C","8"
"108","3","C","12"
"108","3","C","15"
"108","3","C","17"
"108","3","C","22"
"108","3","C","25"
"108","3","C","36"
"108","3","C","39"
"108","3","C","48"
"109","3","J","5"
"109","3","J","8"
"109","3","J","12"
"109","3","J","15"
"109","3","J","17"
"109","3","J","22"
"109","3","J","25"
"109","3","J","36"
"109","3","J","39"
"109","3","J","48"
"110","3","C","5"
"110","3","C","8"
"110","3","C","12"
"110","3","C","15"
"110","3","C","17"
"110","3","C","22"
"110","3","C","25"
"110","3","C","36"
"110","3","C","39"
"110","3","C","48"
"111","3","J","5"
"111","3","J","8"
"111","3","J","12"
"111","3","J","15"
"111","3","J","17"
"111","3","J","22"
"111","3","J","25"
"111","3","J","36"
"111","3","J","39"
"111","3","J","48"
"112","3","C","5"
"112","3","C","8"
"112","3","C","12"
"112","3","C","15"
"112","3","C","17"
"112","3","C","22"
"112","3","C","25"
"112","3","C","36"
"112","3","C","39"
"112","3","C","48"
"113","3","J","5"
"113","3","J","8"
"113","3","J","12"
"113","3","J","15"
"113","3","J","17"
"113","3","J","22"
"113","3","J","25"
"113","3","J","36"
"113","3","J","39"
"113","3","J","48"
"114","3","C","5"
"114","3","C","8"
"114","3","C","12"
"114","3","C","15"
"114","3","C","17"
"114","3","C","22"
"114","3","C","25"
"114","3","C","36"
"114","3","C","39"
"114","3","C","48"
"115","3","J","5"
"115","3","J","8"
"115","3","J","12"
"115","3","J","15"
"115","3","J","17"
"115","3","J","22"
"115","3","J","25"
"115","3","J","36"
"115","3","J","39"
"115","3","J","48"
"116","3","C","5"
"116","3","C","8"
"116","3","C","12"
"116","3","C","15"
"116","3","C","17"
"116","3","C","22"
"116","3","C","25"
"116","3","C","36"
"116","3","C","39"
"116","3","C","48"
"117","3","J","5"
"117","3","J","8"
"117","3","J","12"
"117","3","J","15"
"117","3","J","17"
"117","3","J","22"
"117","3","J","25"
"117","3","J","36"
"117","3","J","39"
"117","3","J","48"
"118","3","C","5"
"118","3","C","8"
"118","3","C","12"
"118","3","C","15"
"118","3","C","17"
"118","3","C","22"
"118","3","C","25"
"118","3","C","36"
"118","3","C","39"
"118","3","C","48"
"119","3","J","5"
"119","3","J","8"
"119","3","J","12"
"119","3","J","15"
"119","3","J","17"
"119","3","J","22"
"119","3","J","25"
"119","3","J","36"
"119","3","J","39"
"119","3","J","48"
"120","3","C","5"
"120","3","C","8"
"120","3","C","12"
"120","3","C","15"
"120","3","C","17"
"120","3","C","22"
"120","3","C","25"
"120","3","C","36"
"120","3","C","39"
"120","3","C","48"
"121","3","J","5"
"121","3","J","8"
"121","3","J","12"
"121","3","J","15"
"121","3","J","17"
"121","3","J","22"
"121","3","J","25"
"121","3","J","36"
"121","3","J","39"
"121","3","J","48"
"122","3","C","5"
"122","3","C","8"
"122","3","C","12"
"122","3","C","15"
"122","3","C","17"
"122","3","C","22"
"122","3","C","25"
"122","3","C","36"
"122","3","C","39"
"122","3","C","48"
"123","3","J","5"
"123","3","J","8"
"123","3","J","12"
"123","3","J","15"
"123","3","J","17"
"123","3","J","22"
"123","3","J","25"
"123","3","J","36"
"123","3","J","39"
"123","3","J","48"
"124","3","C","5"
"124","3","C","8"
"124","3","C","12"
"124","3","C","15"
"124","3","C","17"
"124","3","C","22"
"124","3","C","25"
"124","3","C","36"
"124","3","C","39"
"124","3","C","48"
"125","3","J","5"
"125","3","J","8"
"125","3","J","12"
"125","3","J","15"
"125","3","J","17"
"125","3","J","22"
"125","3","J","25"
"125","3","J","36"
"125","3","J","39"
"125","3","J","48"
"126","3","C","5"
"126","3","C","8"
"126","3","C","12"
"126","3","C","15"
"126","3","C","17"
"126","3","C","22"
"126","3","C","25"
"126","3","C","36"
"126","3","C","39"
"126","3","C","48"
"127","3","J","5"
"127","3","J","8"
"127","3","J","12"
"127","3","J","15"
"127","3","J","17"
"127","3","J","22"
"127","3","J","25"
"127","3","J","36"
"127","3","J","39"
"127","3","J","48"
"128","3","C","5"
"128","3","C","8"
"128","3","C","12"
"128","3","C","15"
"128","3","C","17"
"128","3","C","22"
"128","3","C","25"
"128","3","C","36"
"128","3","C","39"
"128","3","C","48"
"129","3","J","5"
"129","3","J","8"
"129","3","J","12"
"129","3","J","15"
"129","3","J","17"
"129","3","J","22"
"129","3","J","25"
"129","3","J","36"
"129","3","J","39"
"129","3","J","48"
"130","3","C","5"
"130","3","C","8"
"130","3","C","12"
"130","3","C","15"
"130","3","C","17"
"130","3","C","22"
"130","3","C","25"
"130","3","C","36"
"130","3","C","39"
"130","3","C","48"
"131","3","J","5"
"131","3","J","8"
"131","3","J","12"
"131","3","J","15"
"131","3","J","17"
"131","3","J","22"
"131","3","J","25"
"131","3","J","36"
"131","3","J","39"
"131","3","J","48"
"132","3","C","5"
"132","3","C","8"
"132","3","C","12"
"132","3","C","15"
"132","3","C","17"
"132","3","C","22"
"132","3","C","25"
"132","3","C","36"
"132","3","C","39"
"132","3","C","48"
"133","3","J","5"
"133","3","J","8"
"133","3","J","12"
"133","3","J","15"
"133","3","J","17"
"133","3","J","22"
"133","3","J","25"
"133","3","J","36"
"133","3","J","39"
"133","3","J","48"
"134","3","C","5"
"134","3","C","8"
"134","3","C","12"
"134","3","C","15"
"134","3","C","17"
"134","3","C","22"
"134","3","C","25"
"134","3","C","36"
"134","3","C","39"
"134","3","C","48"
"135","3","J","5"
"135","3","J","8"
"135","3","J","12"
"135","3","J","15"
"135","3","J","17"
"135","3","J","22"
"135","3","J","25"
"135","3","J","36"
"135","3","J","39"
"135","3","J","48"
"136","3","C","5"
"136","3","C","8"
"136","3","C","12"
"136","3","C","15"
"136","3","C","17"
"136","3","C","22"
"136","3","C","25"
"136","3","C","36"
"136","3","C","39"
"136","3","C","48"
"137","3","J","5"
"137","3","J","8"
"137","3","J","12"
"137","3","J","15"
"137","3","J","17"
"137","3","J","22"
"137","3","J","25"
"137","3","J","36"
"137","3","J","39"
"137","3","J","48"
"138","3","C","5"
"138","3","C","8"
"138","3","C","12"
"138","3","C","15"
"138","3","C","17"
"138","3","C","22"
"138","3","C","25"
"138","3","C","36"
"138","3","C","39"
"138","3","C","48"
"139","3","J","5"
"139","3","J","8"
"139","3","J","12"
"139","3","J","15"
"139","3","J","17"
"139","3","J","22"
"139","3","J","25"
"139","3","J","36"
"139","3","J","39"
"139","3","J","48"
"140","3","C","5"
"140","3","C","8"
"140","3","C","12"
"140","3","C","15"
"140","3","C","17"
"140","3","C","22"
"140","3","C","25"
"140","3","C","36"
"140","3","C","39"
"140","3","C","48"
"141","3","J","5"
"141","3","J","8"
"141","3","J","12"
"141","3","J","15"
"141","3","J","17"
"141","3","J","22"
"141","3","J","25"
"141","3","J","36"
"141","3","J","39"
"141","3","J","48"
"142","3","C","5"
"142","3","C","8"
"142","3","C","12"
"142","3","C","15"
"142","3","C","17"
"142","3","C","22"
"142","3","C","25"
"142","3","C","36"
"142","3","C","39"
"142","3","C","48"
"143","3","J","5"
"143","3","J","8"
"143","3","J","12"
"143","3","J","15"
"143","3","J","17"
"143","3","J","22"
"143","3","J","25"
"143","3","J","36"
"143","3","J","39"
"143","3","J","48"
"144","3","C","5"
"144","3","C","8"
"144","3","C","12"
"144","3","C","15"
"144","3","C","17"
"144","3","C","22"
"144","3","C","25"
"144","3","C","36"
"144","3","C","39"
"144","3","C","48"
"145","3","J","5"
"145","3","J","8"
"145","3","J","12"
"145","3","J","15"
"145","3","J","17"
"145","3","J","22"
"145","3","J","25"
"145","3","J","36"
"145","3","J","39"
"145","3","J","48"
"146","3","C","5"
"146","3","C","8"
"146","3","C","12"
"146","3","C","15"
"146","3","C","17"
"146","3","C","22"
"146","3","C","25"
"146","3","C","36"
"146","3","C","39"
"146","3","C","48"
"147","3","J","5"
"147","3","J","8"
"147","3","J","12"
"147","3","J","15"
"147","3","J","17"
"147","3","J","22"
"147","3","J","25"
"147","3","J","36"
"147","3","J","39"
"147","3","J","48"
"148","3","C","5"
"148","3","C","8"
"148","3","C","12"
"148","3","C","15"
"148","3","C","17"
"148","3","C","22"
"148","3","C","25"
"148","3","C","36"
"148","3","C","39"
"148","3","C","48"
"149","3","J","5"
"149","3","J","8"
"149","3","J","12"
"149","3","J","15"
"149","3","J","17"
"149","3","J","22"
"149","3","J","25"
"149","3","J","36"
"149","3","J","39"
"149","3","J","48"
"150","3","C","5"
"150","3","C","8"
"150","3","C","12"
"150","3","C","15"
"150","3","C","17"
"150","3","C","22"
"150","3","C","25"
"150","3","C","36"
"150","3","C","39"
"150","3","C","48"
"151","4","J","5"
"151","4","J","8"
"151","4","J","12"
"151","4","J","15"
"151","4","J","17"
"151","4","J","22"
"151","4","J","25"
"151","4","J","36"
"151","4","J","39"
"151","4","J","48"
"152","4","C","5"
"152","4","C","8"
"152","4","C","12"
"152","4","C","15"
"152","4","C","17"
"152","4","C","22"
"152","4","C","25"
"152","4","C","36"
"152","4","C","39"
"152","4","C","48"
"153","4","J","5"
"153","4","J","8"
"153","4","J","12"
"153","4","J","15"
"153","4","J","17"
"153","4","J","22"
"153","4","J","25"
"153","4","J","36"
"153","4","J","39"
"153","4","J","48"
"154","4","C","5"
"154","4","C","8"
"154","4","C","12"
"154","4","C","15"
"154","4","C","17"
"154","4","C","22"
"154","4","C","25"
"154","4","C","36"
"154","4","C","39"
"154","4","C","48"
"155","4","J","5"
"155","4","J","8"
"155","4","J","12"
"155","4","J","15"
"155","4","J","17"
"155","4","J","22"
"155","4","J","25"
"155","4","J","36"
"155","4","J","39"
"155","4","J","48"
"156","4","C","5"
"156","4","C","8"
"156","4","C","12"
"156","4","C","15"
"156","4","C","17"
"156","4","C","22"
"156","4","C","25"
"156","4","C","36"
"156","4","C","39"
"156","4","C","48"
"157","4","J","5"
"157","4","J","8"
"157","4","J","12"
"157","4","J","15"
"157","4","J","17"
"157","4","J","22"
"157","4","J","25"
"157","4","J","36"
"157","4","J","39"
"157","4","J","48"
"158","4","C","5"
"158","4","C","8"
"158","4","C","12"
"158","4","C","15"
"158","4","C","17"
"158","4","C","22"
"158","4","C","25"
"158","4","C","36"
"158","4","C","39"
"158","4","C","48"
"159","4","J","5"
"159","4","J","8"
"159","4","J","12"
"159","4","J","15"
"159","4","J","17"
"159","4","J","22"
"159","4","J","25"
"159","4","J","36"
"159","4","J","39"
"159","4","J","48"
"160","4","C","5"
"160","4","C","8"
"160","4","C","12"
"160","4","C","15"
"160","4","C","17"
"160","4","C","22"
"160","4","C","25"
"160","4","C","36"
"160","4","C","39"
"160","4","C","48"
"161","4","J","5"
"161","4","J","8"
"161","4","J","12"
"161","4","J","15"
"161","4","J","17"
"161","4","J","22"
"161","4","J","25"
"161","4","J","36"
"161","4","J","39"
"161","4","J","48"
"162","4","C","5"
"162","4","C","8"
"162","4","C","12"
"162","4","C","15"
"162","4","C","17"
"162","4","C","22"
"162","4","C","25"
"162","4","C","36"
"162","4","C","39"
"162","4","C","48"
"163","4","J","5"
"163","4","J","8"
"163","4","J","12"
"163","4","J","15"
"163","4","J","17"
"163","4","J","22"
"163","4","J","25"
"163","4","J","36"
"163","4","J","39"
"163","4","J","48"
"164","4","C","5"
"164","4","C","8"
"164","4","C","12"
"164","4","C","15"
"164","4","C","17"
"164","4","C","22"
"164","4","C","25"
"164","4","C","36"
"164","4","C","39"
"164","4","C","48"
"165","4","J","5"
"165","4","J","8"
"165","4","J","12"
"165","4","J","15"
"165","4","J","17"
"165","4","J","22"
"165","4","J","25"
"165","4","J","36"
"165","4","J","39"
"165","4","J","48"
"166","4","C","5"
"166","4","C","8"
"166","4","C","12"
"166","4","C","15"
"166","4","C","17"
"166","4","C","22"
"166","4","C","25"
"166","4","C","36"
"166","4","C","39"
"166","4","C","48"
"167","4","J","5"
"167","4","J","8"
"167","4","J","12"
"167","4","J","15"
"167","4","J","17"
"167","4","J","22"
"167","4","J","25"
"167","4","J","36"
"167","4","J","39"
"167","4","J","48"
"168","4","C","5"
"168","4","C","8"
"168","4","C","12"
"168","4","C","15"
"168","4","C","17"
"168","4","C","22"
"168","4","C","25"
"168","4","C","36"
"168","4","C","39"
"168","4","C","48"
"169","4","J","5"
"169","4","J","8"
"169","4","J","12"
"169","4","J","15"
"169","4","J","17"
"169","4","J","22"
"169","4","J","25"
"169","4","J","36"
"169","4","J","39"
"169","4","J","48"
"170","4","C","5"
"170","4","C","8"
"170","4","C","12"
"170","4","C","15"
"170","4","C","17"
"170","4","C","22"
"170","4","C","25"
"170","4","C","36"
"170","4","C","39"
"170","4","C","48"
"171","4","J","5"
"171","4","J","8"
"171","4","J","12"
"171","4","J","15"
"171","4","J","17"
"171","4","J","22"
"171","4","J","25"
"171","4","J","36"
"171","4","J","39"
"171","4","J","48"
"172","4","C","5"
"172","4","C","8"
"172","4","C","12"
"172","4","C","15"
"172","4","C","17"
"172","4","C","22"
"172","4","C","25"
"172","4","C","36"
"172","4","C","39"
"172","4","C","48"
"173","4","J","5"
"173","4","J","8"
"173","4","J","12"
"173","4","J","15"
"173","4","J","17"
"173","4","J","22"
"173","4","J","25"
"173","4","J","36"
"173","4","J","39"
"173","4","J","48"
"174","4","C","5"
"174","4","C","8"
"174","4","C","12"
"174","4","C","15"
"174","4","C","17"
"174","4","C","22"
"174","4","C","25"
"174","4","C","36"
"174","4","C","39"
"174","4","C","48"
"175","4","J","5"
"175","4","J","8"
"175","4","J","12"
"175","4","J","15"
"175","4","J","17"
"175","4","J","22"
"175","4","J","25"
"175","4","J","36"
"175","4","J","39"
"175","4","J","48"
"176","4","C","5"
"176","4","C","8"
"176","4","C","12"
"176","4","C","15"
"176","4","C","17"
"176","4","C","22"
"176","4","C","25"
"176","4","C","36"
"176","4","C","39"
"176","4","C","48"
"177","4","J","5"
"177","4","J","8"
"177","4","J","12"
"177","4","J","15"
"177","4","J","17"
"177","4","J","22"
"177","4","J","25"
"177","4","J","36"
"177","4","J","39"
"177","4","J","48"
"178","4","C","5"
"178","4","C","8"
"178","4","C","12"
"178","4","C","15"
"178","4","C","17"
"178","4","C","22"
"178","4","C","25"
"178","4","C","36"
"178","4","C","39"
"178","4","C","48"
"179","4","J","5"
"179","4","J","8"
"179","4","J","12"
"179","4","J","15"
"179","4","J","17"
"179","4","J","22"
"179","4","J","25"
"179","4","J","36"
"179","4","J","39"
"179","4","J","48"
"180","4","C","5"
"180","4","C","8"
"180","4","C","12"
"180","4","C","15"
"180","4","C","17"
"180","4","C","22"
"180","4","C","25"
"180","4","C","36"
"180","4","C","39"
"180","4","C","48"
"181","4","J","5"
"181","4","J","8"
"181","4","J","12"
"181","4","J","15"
"181","4","J","17"
"181","4","J","22"
"181","4","J","25"
"181","4","J","36"
"181","4","J","39"
"181","4","J","48"
"182","4","C","5"
"182","4","C","8"
"182","4","C","12"
"182","4","C","15"
"182","4","C","17"
"182","4","C","22"
"182","4","C","25"
"182","4","C","36"
"182","4","C","39"
"182","4","C","48"
"183","4","J","5"
"183","4","J","8"
"183","4","J","12"
"183","4","J","15"
"183","4","J","17"
"183","4","J","22"
"183","4","J","25"
"183","4","J","36"
"183","4","J","39"
"183","4","J","48"
"184","4","C","5"
"184","4","C","8"
"184","4","C","12"
"184","4","C","15"
"184","4","C","17"
"184","4","C","22"
"184","4","C","25"
"184","4","C","36"
"184","4","C","39"
"184","4","C","48"
"185","4","J","5"
"185","4","J","8"
"185","4","J","12"
"185","4","J","15"
"185","4","J","17"
"185","4","J","22"
"185","4","J","25"
"185","4","J","36"
"185","4","J","39"
"185","4","J","48"
"186","4","C","5"
"186","4","C","8"
"186","4","C","12"
"186","4","C","15"
"186","4","C","17"
"186","4","C","22"
"186","4","C","25"
"186","4","C","36"
"186","4","C","39"
"186","4","C","48"
"187","4","J","5"
"187","4","J","8"
"187","4","J","12"
"187","4","J","15"
"187","4","J","17"
"187","4","J","22"
"187","4","J","25"
"187","4","J","36"
"187","4","J","39"
"187","4","J","48"
"188","4","C","5"
"188","4","C","8"
"188","4","C","12"
"188","4","C","15"
"188","4","C","17"
"188","4","C","22"
"188","4","C","25"
"188","4","C","36"
"188","4","C","39"
"188","4","C","48"
"189","4","J","5"
"189","4","J","8"
"189","4","J","12"
"189","4","J","15"
"189","4","J","17"
"189","4","J","22"
"189","4","J","25"
"189","4","J","36"
"189","4","J","39"
"189","4","J","48"
"190","4","C","5"
"190","4","C","8"
"190","4","C","12"
"190","4","C","15"
"190","4","C","17"
"190","4","C","22"
"190","4","C","25"
"190","4","C","36"
"190","4","C","39"
"190","4","C","48"
"191","4","J","5"
"191","4","J","8"
"191","4","J","12"
"191","4","J","15"
"191","4","J","17"
"191","4","J","22"
"191","4","J","25"
"191","4","J","36"
"191","4","J","39"
"191","4","J","48"
"192","4","C","5"
"192","4","C","8"
"192","4","C","12"
"192","4","C","15"
"192","4","C","17"
"192","4","C","22"
"192","4","C","25"
"192","4","C","36"
"192","4","C","39"
"192","4","C","48"
"193","4","J","5"
"193","4","J","8"
"193","4","J","12"
"193","4","J","15"
"193","4","J","17"
"193","4","J","22"
"193","4","J","25"
"193","4","J","36"
"193","4","J","39"
"193","4","J","48"
"194","4","C","5"
"194","4","C","8"
"194","4","C","12"
"194","4","C","15"
"194","4","C","17"
"194","4","C","22"
"194","4","C","25"
"194","4","C","36"
"194","4","C","39"
"194","4","C","48"
"195","4","J","5"
"195","4","J","8"
"195","4","J","12"
"195","4","J","15"
"195","4","J","17"
"195","4","J","22"
"195","4","J","25"
"195","4","J","36"
"195","4","J","39"
"195","4","J","48"
"196","4","C","5"
"196","4","C","8"
"196","4","C","12"
"196","4","C","15"
"196","4","C","17"
"196","4","C","22"
"196","4","C","25"
"196","4","C","36"
"196","4","C","39"
"196","4","C","48"
"197","4","J","5"
"197","4","J","8"
"197","4","J","12"
"197","4","J","15"
"197","4","J","17"
"197","4","J","22"
"197","4","J","25"
"197","4","J","36"
"197","4","J","39"
"197","4","J","48"
"198","4","C","5"
"198","4","C","8"
"198","4","C","12"
"198","4","C","15"
"198","4","C","17"
"198","4","C","22"
"198","4","C","25"
"198","4","C","36"
"198","4","C","39"
"198","4","C","48"
"199","4","J","5"
"199","4","J","8"
"199","4","J","12"
"199","4","J","15"
"199","4","J","17"
"199","4","J","22"
"199","4","J","25"
"199","4","J","36"
"199","4","J","39"
"199","4","J","48"
"200","4","C","5"
"200","4","C","8"
"200","4","C","12"
"200","4","C","15"
"200","4","C","17"
"200","4","C","22"
"200","4","C","25"
"200","4","C","36"
"200","4","C","39"
"200","4","C","48"
